map,weather,cap,exit,outcome,n_uavs,drop_points,assigned,unreachable_by_any_base,connectivity_excluded,planner_unreachable,visited,sorties,reloads,total_route_km,max_uav_route_km,est_completion_min,total_cruise_min,max_sortie_battery,drops_per_uav,overlaps_remaining,repairs,fallback_legs,route_px_in_current_flood,territory_violations,all_missions_valid,wall_s
varanasi,dummy,1,0,SINGLE_BASE,1,22,6,16,0,0,6,3,2,3.008876443016198,3.008876443016198,10.029588143387326,10.029588143387326,0.6525391162145311,[6],0,[],0,0,0,True,25.377924999999777
varanasi,dummy,2,0,MULTI_BASE_2,2,22,9,13,0,0,9,5,3,5.3479286136018125,3.008876443016198,10.029588143387326,17.82642871200604,0.7057514595107818,"[6, 3]",0,[],0,0,0,True,32.220853999999235
varanasi,dummy,3,0,MULTI_BASE_3,3,22,11,11,0,0,11,6,3,6.3229296792569825,2.339052170585615,7.796840568618717,21.07643226418994,0.7057514595107818,"[5, 3, 3]",0,[],0,0,0,True,30.781629999999495
varanasi,dummy,4,0,MULTI_BASE_4,4,22,12,10,0,0,12,6,2,5.698624597682268,2.1161709513729257,7.053903171243085,18.995415325607556,0.6897897851194535,"[5, 2, 3, 2]",0,[],0,0,0,True,31.96065809999982
varanasi,moderate,1,0,SINGLE_BASE,1,22,10,12,0,0,10,8,7,10.324427276711955,10.324427276711955,34.414757589039844,34.414757589039844,0.7492457241215683,[10],0,[],0,0,0,True,55.435790700000325
varanasi,moderate,2,0,MULTI_BASE_2,2,22,16,6,0,0,16,10,8,13.004730534027688,7.620107362845656,25.40035787615219,43.3491017800923,0.7955272128608014,"[9, 7]",0,[],0,0,0,True,73.30996229999982
varanasi,moderate,3,0,MULTI_BASE_3,3,22,18,4,0,0,18,10,7,12.94369592799432,6.420312552448873,21.401041841496244,43.145653093314394,0.7955272128608014,"[8, 7, 3]",0,[],0,0,0,True,63.79765360000056
varanasi,moderate,4,0,MULTI_BASE_3,3,22,18,4,0,0,18,10,7,12.94369592799432,6.420312552448873,21.401041841496244,43.145653093314394,0.7955272128608014,"[8, 7, 3]",0,[],0,0,0,True,63.56506209999952
kanpur,dummy,1,0,SINGLE_BASE,1,41,10,31,0,0,10,3,2,3.0522627626185743,3.0522627626185743,10.17420920872858,10.17420920872858,0.7654762405553763,[10],0,[],0,0,0,True,44.389049300000806
kanpur,dummy,2,0,MULTI_BASE_2,2,41,16,25,0,0,16,5,3,5.44215084954179,3.0522627626185743,10.17420920872858,18.14050283180596,0.778455869072093,"[10, 6]",0,[],0,0,0,True,70.81454089999988
kanpur,dummy,3,0,MULTI_BASE_3,3,41,21,20,0,0,21,8,5,8.662890684433101,3.220739834891312,10.735799449637707,28.876302281443667,0.778455869072093,"[10, 6, 5]",0,[],0,0,0,True,88.00850549999996
kanpur,dummy,4,0,MULTI_BASE_4,4,41,23,18,0,0,23,9,5,9.365621723053806,3.220739834891312,10.735799449637707,31.218739076846013,0.778455869072093,"[10, 6, 5, 2]",0,[],0,0,0,True,92.3224153000001
kanpur,moderate,1,0,SINGLE_BASE,1,41,18,23,0,1,17,9,8,10.997195278829766,10.997195278829766,36.65731759609922,36.65731759609922,0.7846800832113134,[17],0,[],0,0,0,True,123.8111828000001
kanpur,moderate,2,0,MULTI_BASE_2,2,41,26,15,0,1,25,14,12,17.203609763559967,10.997195278829766,36.65731759609922,57.34536587853323,0.7846800832113134,"[17, 8]",0,[],0,0,0,True,162.8219310000004
kanpur,moderate,3,0,MULTI_BASE_3,3,41,30,11,0,0,30,16,13,19.38138568576267,10.997195278829766,36.65731759609922,64.60461895254224,0.7846800832113134,"[17, 7, 6]",0,[],0,0,0,True,157.8555567000003
kanpur,moderate,4,0,MULTI_BASE_4,4,41,34,7,0,0,34,16,12,19.643824519720617,8.507995850037934,28.359986166793117,65.4794150657354,0.7944559679583331,"[15, 7, 6, 6]",0,[],0,0,0,True,157.43395239999973
assam,dummy,1,0,SINGLE_BASE,1,4,1,3,0,0,1,1,0,0.45884928884850457,0.45884928884850457,1.529497629495015,1.529497629495015,0.2662054207525849,[1],0,[],0,0,0,True,11.071642500000053
assam,dummy,2,0,SINGLE_BASE,1,4,1,3,0,0,1,1,0,0.45884928884850457,0.45884928884850457,1.529497629495015,1.529497629495015,0.2662054207525849,[1],0,[],0,0,0,True,10.877519399999983
assam,dummy,3,0,SINGLE_BASE,1,4,1,3,0,0,1,1,0,0.45884928884850457,0.45884928884850457,1.529497629495015,1.529497629495015,0.2662054207525849,[1],0,[],0,0,0,True,10.862924400000338
assam,dummy,4,0,SINGLE_BASE,1,4,1,3,0,0,1,1,0,0.45884928884850457,0.45884928884850457,1.529497629495015,1.529497629495015,0.2662054207525849,[1],0,[],0,0,0,True,10.828806600000462
assam,moderate,1,2,NO_BASE_REACHES_ANY_DROP,,4,,,,,,,,,,,,,,,,,,,,0.09885800000029121
assam,moderate,2,2,NO_BASE_REACHES_ANY_DROP,,4,,,,,,,,,,,,,,,,,,,,0.12507349999941653
assam,moderate,3,2,NO_BASE_REACHES_ANY_DROP,,4,,,,,,,,,,,,,,,,,,,,0.10450359999958891
assam,moderate,4,2,NO_BASE_REACHES_ANY_DROP,,4,,,,,,,,,,,,,,,,,,,,0.10119750000012573
