point,px,py,east_m,north_m,lat,lon,wgs84_lat,wgs84_lon,conformance_deg,error_m,error_pct,bound_m
centre,499.5,499.5,0.0,0.0,25.0,82.0,25.0,82.0,0.0,0.0,0.0,0.001
top-centre,499.5,0,0.0,4995.0,25.0448706431908,82.0,25.045092125257177,82.0,0.0,24.534356153047085,0.49117830136230395,30.305557041991666
bottom-centre,499.5,999,0.0,-4995.0,24.9551293568092,82.0,24.95490760143222,82.0,0.0,24.56433469380423,0.491778472348433,30.305557041991666
left-centre,0,499.5,-4995.0,0.0,25.0,81.95049072309362,24.999991771391553,81.95052010588455,1.4210854715202004e-14,3.1030887555448508,0.062123899009906926,8.722178587723588
right-centre,999,499.5,4995.0,0.0,25.0,82.04950927690638,24.999991771391553,82.04947989411545,0.0,3.1030887555448508,0.062123899009906926,8.722178587723588
top-left,0,0,-4995.0,4995.0,25.0448706431908,81.95049072309362,25.04508388906175,81.95050203056746,1.4210854715202004e-14,23.649547558171705,0.3347898989064458,39.026735629715255
top-right,999,0,4995.0,4995.0,25.0448706431908,82.04950927690638,25.04508388906175,82.04949796943254,0.0,23.649547558171705,0.3347898989064458,39.026735629715255
bottom-left,0,999,-4995.0,-4995.0,24.9551293568092,81.95049072309362,24.95489938040198,81.95053814770085,1.4210854715202004e-14,25.921274155265642,0.36694912376744604,39.026735629715255
bottom-right,999,999,4995.0,-4995.0,24.9551293568092,82.04950927690638,24.95489938040198,82.04946185229915,0.0,25.921274155265642,0.36694912376744604,39.026735629715255
