map,leg,start,goal,dstar_found,astar_found,dstar_cost,astar_cost,dstar_s,astar_s,dstar_pops,dstar_updates,astar_expansions
varanasi,1,"(70, 66)","(78, 43)",True,True,29.62741699796953,29.62741699796953,0.3850824000001012,0.0010884999992413213,181,33233,182
varanasi,2,"(78, 43)","(98, 71)",True,True,61.35533905932736,61.35533905932736,0.441514999998617,0.003997799998614937,579,36417,787
varanasi,3,"(98, 71)","(105, 79)",False,False,,,0.3633038000007218,0.09185969999998633,2,31801,18608
varanasi,4,"(105, 79)","(107, 80)",False,False,,,0.36052659999950265,1.900000097521115e-05,1,31793,2
varanasi,5,"(107, 80)","(104, 79)",False,False,,,0.38601329999983136,1.1500000255182385e-05,2,31801,1
varanasi,6,"(104, 79)","(114, 48)",False,False,,,0.3645058000001882,1.900000097521115e-05,41,32113,2
varanasi,7,"(114, 48)","(114, 38)",False,False,,,0.3895262999994884,0.00019520000023476314,140,32905,41
varanasi,8,"(114, 38)","(119, 36)",True,True,7.242640687119285,7.242640687119285,0.36118469999928493,7.340000047406647e-05,11,31873,9
varanasi,9,"(119, 36)","(118, 21)",False,False,,,3.468095300000641,0.0006799999991926597,18608,178880,140
varanasi,10,"(118, 21)","(118, 18)",True,True,3.82842712474619,3.82842712474619,0.3601297999994131,3.8800000766059384e-05,4,31817,5
varanasi,11,"(118, 18)","(38, 3)",True,True,86.21320343559643,86.21320343559638,0.5633873999995558,0.007508099999540718,1251,41586,1516
varanasi,12,"(38, 3)","(23, 45)",True,True,50.45584412271571,50.45584412271568,0.5235171999993327,0.0040222999996331055,958,39449,750
varanasi,13,"(23, 45)","(19, 49)",False,False,,,0.37792699999954493,0.09276229999886709,2,31801,18608
varanasi,14,"(19, 49)","(15, 46)",False,False,,,3.4297594999989087,2.0400000721565448e-05,18608,178880,2
varanasi,15,"(15, 46)","(19, 55)",True,True,33.72792206135786,33.72792206135786,0.41431740000007267,0.002231000000392669,362,34681,431
varanasi,16,"(19, 55)","(70, 66)",True,True,55.55634918610403,55.556349186104015,0.47969929999999295,0.0035184999996999977,783,38049,668
kanpur,1,"(67, 92)","(67, 103)",True,True,12.656854249492381,12.656854249492381,0.6511917999996513,0.00020570000015140977,42,58446,36
kanpur,2,"(67, 103)","(74, 99)",True,True,39.384776310850235,39.384776310850235,0.6841626999994332,0.0024021999997785315,252,60126,493
kanpur,3,"(74, 99)","(59, 102)",True,True,46.62741699796952,46.62741699796952,0.7530430999995588,0.0013486999996530358,563,62614,273
kanpur,4,"(59, 102)","(50, 107)",True,True,16.48528137423857,16.48528137423857,0.6502761000010651,0.0003329999999550637,28,58334,61
kanpur,5,"(50, 107)","(41, 108)",True,True,60.28427124746188,60.28427124746188,0.7372892000003048,0.003919700000551529,593,62854,711
kanpur,6,"(41, 108)","(44, 114)",True,True,67.52691193458116,67.52691193458116,0.9045649999989109,0.008528399999704561,1620,71070,647
kanpur,7,"(44, 114)","(36, 105)",True,True,66.59797974644663,66.59797974644663,0.7641039999998611,0.008068299999649753,647,63286,1581
kanpur,8,"(36, 105)","(29, 100)",True,True,9.071067811865476,9.071067811865476,0.6491287999997439,0.00015300000086426735,26,58318,23
kanpur,9,"(29, 100)","(25, 90)",True,True,11.65685424949238,11.65685424949238,0.649460699998599,0.0002659999991010409,48,58494,45
kanpur,10,"(25, 90)","(16, 84)",True,True,73.87005768508877,73.87005768508877,0.9556845000006433,0.0030102999990049284,1962,73611,644
kanpur,11,"(16, 84)","(27, 64)",True,True,24.556349186104054,24.55634918610405,0.7093454999994719,0.0008434999999735737,165,59430,155
kanpur,12,"(27, 64)","(35, 55)",True,True,16.899494936611667,16.899494936611667,0.6530789000007644,0.0003544000010151649,46,58478,62
kanpur,13,"(35, 55)","(15, 31)",True,True,34.62741699796953,34.627416997969526,0.711178600000494,0.0014033999996172497,406,61358,268
kanpur,14,"(15, 31)","(49, 6)",True,True,49.42640687119284,49.42640687119284,0.7529422000006889,0.005675899999914691,667,63383,999
kanpur,15,"(49, 6)","(74, 13)",True,True,27.89949493661167,27.899494936611667,0.6887640999993891,0.0011890999994648155,234,59982,227
kanpur,16,"(74, 13)","(74, 18)",True,True,5.0,5.0,0.6669679999995424,5.5700000302749686e-05,6,58158,6
kanpur,17,"(74, 18)","(81, 39)",True,True,57.11269837220807,57.11269837220807,0.78059790000043,0.003809499999988475,868,65054,773
kanpur,18,"(81, 39)","(85, 38)",True,True,4.414213562373095,4.414213562373095,0.64551930000016,4.650000118999742e-05,7,58166,5
kanpur,19,"(85, 38)","(98, 46)",True,True,23.142135623730958,23.142135623730958,0.664144700000179,0.0010029000004578847,134,59182,90
kanpur,20,"(98, 46)","(89, 53)",True,True,72.52691193458116,72.52691193458115,0.7113464000012755,0.009239200000592973,368,61054,1766
kanpur,21,"(89, 53)","(97, 96)",True,True,251.24978336205615,251.24978336205604,3.0427736999990884,0.05222520000097575,14924,176040,9136
kanpur,22,"(97, 96)","(108, 95)",True,True,105.39696961966992,105.3969696196699,1.0551863000000594,0.00783899999987625,2480,77848,1623
kanpur,23,"(108, 95)","(110, 117)",False,False,,,0.6509048000007169,0.07548040000074252,1,58118,15570
kanpur,24,"(110, 117)","(105, 113)",False,False,,,0.639235099999496,1.0400000974186696e-05,1,58118,1
kanpur,25,"(105, 113)","(101, 112)",False,False,,,0.6714788999997836,1.1800000720540993e-05,43,58454,1
kanpur,26,"(101, 112)","(88, 118)",False,False,,,3.1429193999993004,0.00022910000006959308,15570,180898,43
kanpur,27,"(88, 118)","(91, 128)",True,True,12.071067811865477,12.071067811865477,0.6517074999992474,0.00017130000014731195,32,58366,29
kanpur,28,"(91, 128)","(91, 130)",True,True,2.0,2.0,0.6638887999997678,3.1400000807479955e-05,3,58134,3
kanpur,29,"(91, 130)","(76, 127)",True,True,16.242640687119284,16.242640687119284,0.6628521000002365,0.00033540000003995374,75,58710,60
kanpur,30,"(76, 127)","(60, 124)",True,True,18.07106781186548,18.07106781186548,0.6546235000005254,0.00037930000144115184,46,58478,65
kanpur,31,"(60, 124)","(57, 119)",True,True,57.798989873223306,57.798989873223306,0.7467634000004182,0.007112100000085775,494,62062,1398
kanpur,32,"(57, 119)","(129, 99)",False,False,,,0.6613338999995904,0.08030969999890658,3,58134,15570
kanpur,33,"(129, 99)","(67, 92)",False,False,,,3.2065765999996074,2.4900000425986946e-05,15570,180898,3
