map,hue_margin,sv_margin,n_clicks,hsv_lower,hsv_upper,mask_fraction,regions,planned_legs,no_path_legs,unsnappable_endpoints,route_points,route_length_px,mission_items,exit,total_s
varanasi,10,15,8,"[0, 48, 171]","[179, 255, 255]",0.0718288770053476,19,19,8,0,319,2321.035101114133,398,0,13.9339527000011
varanasi,10,30,8,"[0, 33, 156]","[179, 255, 255]",0.08097682709447415,16,16,8,0,297,2187.029349127677,364,0,13.364691799999491
varanasi,10,45,8,"[0, 18, 141]","[179, 255, 255]",0.08849910873440285,18,17,10,0,225,2345.926072491786,300,0,17.71282969999993
varanasi,20,15,8,"[0, 48, 171]","[179, 255, 255]",0.0718288770053476,19,19,8,0,319,2321.035101114133,398,0,14.116615700000693
varanasi,20,30,8,"[0, 33, 156]","[179, 255, 255]",0.08097682709447415,16,16,8,0,297,2187.029349127677,364,0,13.371039100000417
varanasi,20,45,8,"[0, 18, 141]","[179, 255, 255]",0.08849910873440285,18,17,10,0,225,2345.926072491786,300,0,17.281617200000255
varanasi,30,15,8,"[0, 48, 171]","[179, 255, 255]",0.0718288770053476,19,19,8,0,319,2321.035101114133,398,0,14.130437800000436
varanasi,30,30,8,"[0, 33, 156]","[179, 255, 255]",0.08097682709447415,16,16,8,0,297,2187.029349127677,364,0,14.123614000000089
varanasi,30,45,8,"[0, 18, 141]","[179, 255, 255]",0.08849910873440285,18,17,10,0,225,2345.926072491786,300,0,17.44326230000115
varanasi,20,30,4,"[0, 33, 156]","[179, 255, 255]",0.08097682709447415,16,16,8,0,297,2187.029349127677,364,0,13.56438370000069
varanasi,20,30,16,"[0, 0, 146]","[179, 255, 255]",0.09702673796791444,23,23,8,0,545,4151.109995192774,640,0,22.544818899999882
kanpur,10,15,8,"[0, 11, 149]","[179, 255, 255]",0.1402030548068284,32,32,6,0,1008,6824.868145118436,1139,0,34.239913600000364
kanpur,10,30,8,"[0, 0, 134]","[179, 255, 255]",0.15083917340521114,33,33,6,0,1010,7223.129519742548,1145,0,36.11133820000032
kanpur,10,45,8,"[0, 0, 119]","[179, 255, 255]",0.1517915543575921,32,32,6,0,787,5680.178518216282,918,0,33.127991600000314
kanpur,20,15,8,"[0, 11, 149]","[179, 255, 255]",0.1402030548068284,32,32,6,0,1008,6824.868145118436,1139,0,33.977605800000674
kanpur,20,30,8,"[0, 0, 134]","[179, 255, 255]",0.15083917340521114,33,33,6,0,1010,7223.129519742548,1145,0,35.86387240000113
kanpur,20,45,8,"[0, 0, 119]","[179, 255, 255]",0.1517915543575921,32,32,6,0,787,5680.178518216282,918,0,37.59411580000051
kanpur,30,15,8,"[0, 11, 149]","[179, 255, 255]",0.1402030548068284,32,32,6,0,1008,6824.868145118436,1139,0,52.13342460000058
kanpur,30,30,8,"[0, 0, 134]","[179, 255, 255]",0.15083917340521114,33,33,6,0,1010,7223.129519742548,1145,0,39.96755959999973
kanpur,30,45,8,"[0, 0, 119]","[179, 255, 255]",0.1517915543575921,32,32,6,0,787,5680.178518216282,918,0,33.18387799999982
kanpur,20,30,4,"[0, 0, 134]","[179, 255, 255]",0.15083917340521114,33,33,6,0,1010,7223.129519742548,1145,0,35.84831010000016
kanpur,20,30,16,"[0, 0, 123]","[179, 255, 255]",0.15142138364779875,33,33,6,0,984,7087.486889679836,1119,0,36.346758199999385
assam,10,15,8,"[0, 0, 59]","[179, 255, 255]",0.8309464398235665,1,0,0,4,3,0.0,10,0,0.036949299999832874
assam,10,30,8,"[0, 0, 44]","[179, 255, 255]",0.8310220541902962,1,0,0,4,3,0.0,10,0,0.0332468999986304
assam,10,45,8,"[0, 0, 29]","[179, 255, 255]",0.8310850661625709,1,0,0,4,3,0.0,10,0,0.03326969999943685
assam,20,15,8,"[0, 0, 59]","[179, 255, 255]",0.8309464398235665,1,0,0,4,3,0.0,10,0,0.032732099998611375
assam,20,30,8,"[0, 0, 44]","[179, 255, 255]",0.8310220541902962,1,0,0,4,3,0.0,10,0,0.03313559999878635
assam,20,45,8,"[0, 0, 29]","[179, 255, 255]",0.8310850661625709,1,0,0,4,3,0.0,10,0,0.03212399999938498
assam,30,15,8,"[0, 0, 59]","[179, 255, 255]",0.8309464398235665,1,0,0,4,3,0.0,10,0,0.03394529999968654
assam,30,30,8,"[0, 0, 44]","[179, 255, 255]",0.8310220541902962,1,0,0,4,3,0.0,10,0,0.03338100000109989
assam,30,45,8,"[0, 0, 29]","[179, 255, 255]",0.8310850661625709,1,0,0,4,3,0.0,10,0,0.03314470000077563
assam,20,30,4,"[0, 0, 101]","[179, 255, 255]",0.8305532451165721,1,0,0,4,3,0.0,10,0,0.033767599999919184
assam,20,30,16,"[0, 0, 44]","[179, 255, 255]",0.8310220541902962,1,0,0,4,3,0.0,10,0,0.03328999999939697
