"id","claim (as stated in the manuscript)","location","classification","evidence / source file","experiment or test","result"
"C01","ADAPT converts a flood-annotated raster + weather into a QGC WPL 110 mission","Abstract; Sec. I; Sec. III","verified by software tests + experimentally demonstrated","main.py; src/mission/mission_output.py; paper/experiments/results/e2e/*.waypoints","E1 e2e_maps.py; tests/test_mission_output.py","3 missions produced (364/1145/10 items)"
"C02","All three generated missions pass the independent validator (0 errors, 0 warnings)","Abstract; Sec. V-D; Table V","experimentally demonstrated","paper/experiments/results/e2e/*.validation.txt","E1 + tests/wpl_validator.py (servo 9/2000 expected)","0/0 on all maps"
"C03","Validator is independent of production code and tested against corrupted missions (36 adversarial cases)","Sec. IV-L; Table IX","verified by software tests","tests/wpl_validator.py; tests/test_wpl_validator_adversarial.py","pytest","36 pass"
"C04","98,789 randomised round trips agree within 7e-8 px (6.8e-8); 1,211 rejected as unrepresentable","Abstract; Sec. V-H; Table IX; Conclusion","verified by software tests (independent oracle)","paper/experiments/results/geodesy/geodesy_eval.json","E7 geodesy_eval.py round_trip()","max 6.82e-8 px, mean 2.39e-9, RMS 6.47e-9"
"C05","22 of 24 injected defects detected; 2 survivors behaviour-equivalent","Abstract; Sec. V-H; Table IX","verified by software tests","paper/experiments/results/mutation/mutation.csv","E8 mutation_eval.py","22 KILLED, 2 SURVIVED (finite-check guard; repeated conversion)"
"C06","Predicted obstacles reduce exposure to predicted-only area 33.8->17.9 % (Varanasi), 47.9->11.6 % (Kanpur)","Abstract; Sec. V-E; Table VI","experimentally demonstrated","paper/experiments/results/sweeps/ablation.json","E2 ablation()","as stated"
"C07","Predicted obstacles cause all 14 no-path legs (0 vs 8, 0 vs 6)","Abstract; Sec. V-E; Conclusion","experimentally demonstrated","paper/experiments/results/sweeps/ablation.json","E2","as stated"
"C08","Assam segmented as 83.1 % flood; single region; 4 unsnappable endpoints","Abstract; Sec. V-D; Table V","experimentally demonstrated","paper/experiments/results/e2e/assam.json","E1","mask 0.8310; regions 1; unsnappable 4"
"C09","Assam failure mechanism: background in patch -> S lower bound 0 -> achromatic pixels (hue 0) pass red test","Sec. IV-B; Sec. V-D","mathematically derived from code + measured threshold","e2e/assam.json hsv_lower [0,0,44]; src/vision/image_processing.py","E1","S lower = 0 measured; mechanism inferred from definitions"
"C10","Maps are not georeferenced (PNG has only sRGB/gAMA/pHYs)","Sec. V-A; Sec. VI","directly inspected","data/input/*.png chunk listing (audit); paper_facts.md sec. 4","PNG chunk inspection","no geo metadata"
"C11","Configured scale differs from landmark estimates by x46/x65/x317; reference 23/319/~1000 km off","Abstract; Sec. V-I; Conclusion","experimentally estimated (plausibility only; eyeballed labels)","paper/experiments/results/geography/map_scale_estimate.json","E9 map_scale_estimate.py","92.7/129.6/633.5 m/px; 22.5/318.6/998.5 km"
"C12","Flat-earth model error 345 m / 563 m / 7.7 km at estimated extents; 4.8 m at configured","Sec. V-I; Fig. 4b; Sec. VI","mathematically derived + computed vs WGS84 oracle","geodesy_eval.json model_error_at_extents","E7","as stated"
"C13","Implementation equals documented model within 1.4e-14 deg; max error vs WGS84 25.9 m at 7.1 km offsets (25 N)","Sec. V-H; Table IX","verified by software tests","geodesy_eval.json synthetic; results/geodesy/synthetic_ground_truth.csv","E7 synthetic(); tests/test_coordinates_groundtruth.py","as stated"
"C14","N-S scale error of L=111,320 m/deg is 0.49 % at 25 N; E-W 0.06 %","Sec. IV-J","mathematically derived (WGS84 radii)","tests/geodesy_reference.py; audit characterisation","computed","0.494 % / 0.059 %"
"C15","Mission rows match source pixels within 3.6e-15 deg (1,519 rows); original-frame <= 0.57 m N-S","Sec. V-H; Conclusion","verified by independent recomputation","geodesy_eval.json correspondence","E7 correspondence()","3.55e-15 deg; 0.565/0.397/0.188 m"
"C16","Resize: same physical corners at 9 display widths; deviation <= 1 display px; 7e-10 m without resize","Sec. V-H; Fig. 4a","verified by metamorphic test","geodesy_eval.json resize; tests/test_resize_consistency.py","E7 resize_attack()","max 38.8 m at 40 m/px"
"C17","NN order mean 4.6 % (n=5) to 12.0 % (n=12) above optimum; worst 44.5 %; Varanasi +3.2 %; Kanpur <= 37.8 % (MST bound)","Sec. V-G; Table VIII; Sec. VI","experimentally demonstrated (evaluation-only baseline)","paper/experiments/results/tsp/tsp_random.csv; tsp_maps.json","E4 tsp_optimality.py","as stated"
"C18","D* Lite and A* agree on reachability for 49 legs and equal costs (<2e-13)","Sec. V-G; Table VIII","experimentally demonstrated (evaluation-only baseline)","paper/experiments/results/planner/planner_baseline.json; planner_legs.csv","E5 planner_baseline.py","4.3e-14 / 1.1e-13"
"C19","As used, D* Lite is 61-112x slower than A* (12.67 vs 0.21 s; 30.83 vs 0.28 s)","Sec. V-G; Sec. VI; Conclusion","experimentally demonstrated (single run; timing on one machine)","planner_baseline.json","E5","60.9x / 111.7x"
"C20","Incremental replanning of D* Lite is not exercised (new instance per leg, km = 0)","Sec. IV-I","verified by code inspection","src/routing/pathfinding.py (DStarLite per leg); src/routing/dstarlite.py","inspection","as stated"
"C21","Path planning is >99 % of runtime (13.30 of 13.38 s; 35.57 of 35.71 s)","Sec. V-D; Table V","experimentally demonstrated (single run)","paper/experiments/results/e2e/summary.json stage_seconds","E1","99.4 % / 99.6 %"
"C22","Hue margin has no effect (red-wrap); S/V margin and click count change mask/regions","Sec. IV-B; Sec. V-F; Table VII","experimentally demonstrated + derived from code","paper/experiments/results/sweeps/sensitivity.csv","E3 sensitivity()","identical rows across hue 10/20/30"
"C23","Route length scales linearly with rho; 263 km at estimated Varanasi scale","Sec. V-F; Sec. VI","experimentally demonstrated (conversion of E1 route)","paper/experiments/results/sweeps/mpp_sweep.csv","E3 mpp_sweep()","2830.6 m per m/px; 263,063 m at 93 m/px"
"C24","Open-Meteo current precipitation is a backward sum over the reporting interval (e.g. 15 min)","Sec. IV-D; Sec. VI","supported by documentation","open-meteo.com/en/docs (fetched 2026-10-06)","n/a","quoted"
"C25","DO commands run when preceding NAV command completes (servo fires at drop altitude); RTL generally last; TAKEOFF ignores lat/lon","Sec. IV-K; Sec. VI","supported by documentation (not SITL)","ardupilot.org/copter/docs/mission-command-list.html","n/a","quoted"
"C26","PX4 interprets waypoint yaw param4 (0) as heading; NaN = default","Sec. IV-K; Sec. VI","supported by documentation (search summary of PX4 docs)","docs.px4.io missions page","n/a","not verified in SITL"
"C27","Parameter slots of commands 16/19/20/21/22/183 match MAVLink definitions","Sec. IV-K; Sec. V-J","supported by specification","MAVLink common.xml (downloaded 2026-10-06)","parsed","match"
"C28","Spread rule forecast skill unknown; uncalibrated","Sec. IV-E; Sec. VI","stated limitation (absence of evidence)","no validation data exist","n/a","n/a"
"C29","Segmentation accuracy unknown (no ground truth)","Sec. V-A; Sec. VI","stated limitation","no masks in repository","n/a","n/a"
"C30","No ground-station, SITL, HITL or flight validation performed","Abstract; Table IX; Sec. VI","stated fact","Mission Planner/QGC/SITL absent on machine (audit)","n/a","not performed"
"C31","Reviewed literature rarely chains imagery -> executable autopilot mission; geo/mission verification not reported","Sec. II-H; Table I; Sec. VII","supported by literature (bounded by review scope; not exhaustive)","paper/literature_matrix.csv","literature review","qualified wording used"
"C32","Integration of hazard evolution and mission planning is fragmented across domains","Sec. I; Sec. II-A","supported by literature","Gioia et al. 2026 (abstract via OpenAlex)","n/a","paraphrased from abstract"
"C33","Defects found and corrected during verification (scale after resize, servo slots, HOME drop, half-pixel reference, invalid/polar inputs, aliasing/overflow, stale missions)","Sec. V-H","documented engineering history","uncommitted changes vs HEAD 775165d; tests that fail on HEAD","tests/test_resize_consistency.py, test_mission_output.py, test_image_centre.py, test_coordinates_safety.py, test_adversarial_coordinates.py, test_stale_mission.py","fail on original code, pass now"
"C34","Runs on a laptop in < 40 s for evaluated maps","Sec. VII","experimentally demonstrated (single machine)","e2e/summary.json total_s","E1","13.4 / 35.7 / 0.03 s"
"C35","Third-party maps: ""ESA ... India Today"" and ""Sentinel-2 SAR ... ESA"" attributions as printed","Table III","directly inspected (image text)","data/input/*.png","visual inspection","quoted; Kanpur caption internally inconsistent (sic)"
