"key","title","authors","year","venue","DOI","verified","content_basis","theme","problem","method","dataset","results","limitations","gap_relevant_to_ADAPT","retained"
"erdelj2017help","Help from the Sky: Leveraging UAVs for Disaster Management","Erdelj, Natalizio, Chowdhury, Akyildiz","2017","IEEE Pervasive Computing","10.1109/MPRV.2017.11","Y (Crossref)","abstract (OpenAlex)","A UAV disaster response","Vision of UAV-assisted disaster prediction, assessment and response","Architectural perspective; UAV-sensor network classes; open challenges","None (position paper)","Research agenda (connectivity, energy, security)","No implemented mission pipeline or evaluation","Frames UAV roles across prediction/assessment/response; does not produce executable flight plans","Y"
"shakhatreh2019unmanned","Unmanned Aerial Vehicles (UAVs): A Survey on Civil Applications and Key Research Challenges","Shakhatreh et al.","2019","IEEE Access","10.1109/ACCESS.2019.2909530","Y (Crossref)","metadata + general knowledge","A UAV disaster response","Survey of civil UAV applications incl. search-and-rescue and delivery","Literature survey","None","Taxonomy of applications and challenges","Survey; no system","Context for UAV applications; identifies integration challenges","Y"
"mohddaud2022applications","Applications of drone in disaster management: A scoping review","Mohd Daud et al.","2022","Science & Justice","10.1016/j.scijus.2021.11.002","Y (Crossref)","metadata + general knowledge","A UAV disaster response","Scoping review of drone uses in disaster management","Scoping review","Published studies","Mapping, SAR and delivery are recurring uses","Review only","Shows delivery and mapping are typically studied separately","Y"
"khan2022emerging","Emerging UAV technology for disaster detection, mitigation, response, and preparedness","Khan, Gupta, Gupta","2022","Journal of Field Robotics","10.1002/rob.22075","Y (Crossref)","metadata + general knowledge","A UAV disaster response","Review of UAV technology across disaster phases","Review","Published studies","Survey of detection/response technologies","Review only","Context; integration of perception and mission execution left open","Y"
"gioia2026perspective","A perspective and review on adaptive mission planning and hazard monitoring during emergencies with autonomous unmanned systems","Gioia, Glock, Kahlen","2026","Annual Reviews in Control","10.1016/j.arcontrol.2026.101054","Y (Crossref)","abstract (OpenAlex)","H Integrated systems","How to integrate in-situ observations into adaptive hazard models and mission planning (wildfire, CBRN, flood/storm)","Structured synthesis; sequential decision-making view; control hierarchy","Published studies","Identifies recurring design principles and challenges from heterogeneous, domain-fragmented methods","Review; no system","Closest review to ADAPT's niche: coupling hazard-evolution models with mission planning remains fragmented","Y"
"li2025urban","Urban flood disaster prevention, control, and rescue using edge computing and the resilience concept","Li, Zhai, Dang, Gao, Pan, Wang","2025","Scientific Reports","10.1038/s41598-025-31599-6","Y (Crossref; author order corrected via OpenAlex)","abstract (OpenAlex)","H Integrated systems","Urban flood prevention/rescue system design","Resilience/system theory; simulated UAV-cluster 3D deployment and resource scheduling with edge computing","Simulation","Reports faster warning/dispatch in simulation","Network/deployment focus; no image-derived drop points or waypoint missions","UAV deployment for floods without flood-boundary drop selection or mission files","Y"
"alotaibi2019lsar","LSAR: Multi-UAV Collaboration for Search and Rescue Missions","Alotaibi, Alqefari, Koubaa","2019","IEEE Access","10.1109/ACCESS.2019.2912306","Y (Crossref)","metadata + general knowledge","H Integrated systems","Multi-UAV search-and-rescue task coordination","Layered task allocation/coordination algorithms, simulation","Simulated scenarios","Coordination performance in simulation","Not flood-specific; no hazard prediction","Mission-level SAR planning without flood spread modelling","Y"
"gao2021weather","Weather constraints on global drone flyability","Gao et al.","2021","Scientific Reports","10.1038/s41598-021-91325-w","Y (Crossref)","abstract (Crossref)","C Weather","How weather limits drone operations globally","Historical wind/temperature/precipitation vs manufacturer thresholds, simulation","Global reanalysis data","Median flyability for common drones 5.7 h/day (2.0 h/day daylight)","Thresholds manufacturer-reported","Supports treating wind/precipitation as operational constraints; ADAPT only warns","Y"
"mcfeeters1996ndwi","The use of the Normalized Difference Water Index (NDWI) in the delineation of open water features","McFeeters","1996","International Journal of Remote Sensing","10.1080/01431169608948714","Y (Crossref)","metadata + general knowledge","B Flood mapping","Delineating open water in multispectral imagery","Spectral index (green/NIR)","Multispectral imagery","Widely used water index","Needs multispectral bands","Classic water mapping needs spectral data ADAPT does not use","Y"
"twele2016sentinel","Sentinel-1-based flood mapping: a fully automated processing chain","Twele, Cao, Plank, Martinis","2016","International Journal of Remote Sensing","10.1080/01431161.2016.1192304","Y (Crossref)","metadata + general knowledge","B Flood mapping","Automated SAR flood mapping","Thresholding + fuzzy refinement on Sentinel-1 SAR","Sentinel-1 scenes","Operational automated flood maps","SAR-specific; output is a flood map, not a flight plan","Produces flood extents that could feed ADAPT; does not plan missions","Y"
"bonafilia2020sen1floods11","Sen1Floods11: a georeferenced dataset to train and test deep learning flood algorithms for Sentinel-1","Bonafilia, Tellman, Anderson, Issenberg","2020","CVPR Workshops","10.1109/CVPRW50498.2020.00113","Y (Crossref)","metadata + general knowledge","B Flood mapping","Benchmark for SAR flood segmentation","Georeferenced labelled dataset + baselines","Sentinel-1 chips (global events)","Benchmark baselines","Training data required for DL methods","A georeferenced benchmark exists for SAR; ADAPT's inputs are not georeferenced","Y"
"rahnemoonfar2021floodnet","FloodNet: A High Resolution Aerial Imagery Dataset for Post Flood Scene Understanding","Rahnemoonfar et al.","2021","IEEE Access","10.1109/ACCESS.2021.3090981","Y (Crossref)","abstract (OpenAlex)","B Flood mapping","Post-flood scene understanding from UAV imagery","Pixel-wise labelled UAV dataset; classification/segmentation/VQA baselines","UAV imagery after Hurricane Harvey","Baselines for segmentation and VQA","Perception only; no mission planning","Candidate benchmark for future ADAPT segmentation evaluation","Y"
"gebrehiwot2019deep","Deep Convolutional Neural Network for Flood Extent Mapping Using Unmanned Aerial Vehicles Data","Gebrehiwot, Hashemi-Beni, Thompson, Kordjamshidi, Langan","2019","Sensors","10.3390/s19071486","Y (Crossref)","abstract (Crossref)","B Flood mapping","Flood extent mapping from UAV imagery","CNN (FCN) segmentation vs SVM","UAV imagery","CNN outperforms classical classification (per authors)","Requires training data; perception only","Learned flood extents; no route/mission generation","Y"
"munawar2021uavs","UAVs in Disaster Management: Application of Integrated Aerial Imagery and Convolutional Neural Network for Flood Detection","Munawar, Ullah, Qayyum, Khan, Mojtahedi","2021","Sustainability","10.3390/su13147547","Y (Crossref)","abstract (Crossref)","B Flood mapping","Low-cost flood detection for developing countries","UAV imagery + CNN","UAV/aerial images","Flood detection accuracy reported by authors","Perception only","Motivates low-cost pipelines; stops at detection","Y"
"simantiris2024unsupervised","Unsupervised Color-Based Flood Segmentation in UAV Imagery","Simantiris, Panagiotakis","2024","Remote Sensing","10.3390/rs16122126","Y (Crossref)","abstract (Crossref)","B Flood mapping","Unsupervised flood segmentation in UAV colour images","LAB-colour masks, vegetation index, edges, distance transform, hysteresis thresholding","Two public datasets (953 images)","87.4% accuracy / 80.9% F1 (per abstract via search)","Perception only; parameter choices tuned to UAV photos","Shows colour-based (training-free) flood segmentation is competitive; ADAPT's HSV step is a simpler instance on annotated maps","Y"
"ibrahim2021application","The application of UAV images in flood detection using image segmentation techniques","Ibrahim, Sharun, Osman, Mohamed, Abdullah","2021","Indonesian J. Electrical Engineering and Computer Science","10.11591/ijeecs.v23.i2.pp1219-1226","Y (Crossref)","abstract (Crossref)","B Flood mapping","Automated flood detection from UAV images","RGB/HSI colour models; k-means and region growing","Emulated flooded/non-flooded UAV images with ground truth","Region growing better than k-means (88% vs 76% per search summary)","Small emulated dataset","Precedent for HSI/HSV colour segmentation of floods","Y"
"perks2016advances","Technical Note: Advances in flash flood monitoring using unmanned aerial vehicles (UAVs)","Perks, Russell, Large","2016","Hydrology and Earth System Sciences","10.5194/hess-20-4005-2016","Y (Crossref)","abstract (Crossref)","B Flood mapping","Quantifying flash-flood hydraulics from UAV video","KLT feature tracking, geometric rectification","UAV video of flash floods","Surface velocity estimates","Monitoring, not response planning","UAV flood monitoring precedent; no delivery planning","Y"
"bates2000simple","A simple raster-based model for flood inundation simulation","Bates, De Roo","2000","Journal of Hydrology","10.1016/S0022-1694(00)00278-X","Y (Crossref)","metadata + general knowledge","C Flood modelling","Efficient floodplain inundation simulation","Raster storage-cell model (LISFLOOD-FP)","River reach + DEM","Efficient inundation prediction","Requires DEM and hydraulic boundary conditions","Physically based spread needs terrain data ADAPT lacks","Y"
"ghimire2013formulation","Formulation of a fast 2D urban pluvial flood model using a cellular automata approach","Ghimire et al.","2013","Journal of Hydroinformatics","10.2166/hydro.2012.245","Y (Crossref)","metadata + general knowledge","C Flood modelling","Fast urban pluvial flood simulation","Cellular automata with transition rules on DEM","Urban DEM case studies","Speed-ups vs hydrodynamic models with comparable depths","Needs DEM; not coupled to UAV planning","CA flood models are established but terrain-based; ADAPT's CA is a morphological, terrain-free proxy","Y"
"guidolin2016weighted","A weighted cellular automata 2D inundation model for rapid flood analysis","Guidolin et al.","2016","Environmental Modelling & Software","10.1016/j.envsoft.2016.07.008","Y (Crossref)","metadata + general knowledge","C Flood modelling","Rapid 2D inundation","Weighted CA (WCA2D)","DEM test cases","Fast with acceptable accuracy","Needs DEM, rainfall/inflow","Same as above","Y"
"jamali2019cellular","A Cellular Automata Fast Flood Evaluation (CA-ffe) Model","Jamali, Bach, Cunningham, Deletic","2019","Water Resources Research","10.1029/2018WR023679","Y (Crossref)","abstract (Crossref)","C Flood modelling","Fast urban flood inundation","CA-based fast model compared with HEC-RAS/TUFLOW","Urban subcatchments","Max depths in seconds-minutes with reasonable accuracy","Weak where momentum matters; limited temporal evolution","Even fast CA models need DEM; ADAPT's rule-based spread is uncalibrated","Y"
"teng2017flood","Flood inundation modelling: A review of methods, recent advances and uncertainty analysis","Teng et al.","2017","Environmental Modelling & Software","10.1016/j.envsoft.2017.01.006","Y (Crossref)","metadata + general knowledge","C Flood modelling","Review of inundation modelling","Review (empirical, hydrodynamic, simplified)","Published studies","Trade-offs speed vs fidelity; uncertainty","Review","Positions ADAPT's spread as a simplified/empirical proxy outside validated model classes","Y"
"hart1968formal","A Formal Basis for the Heuristic Determination of Minimum Cost Paths","Hart, Nilsson, Raphael","1968","IEEE Trans. Systems Science and Cybernetics","10.1109/TSSC.1968.300136","Y (Crossref)","metadata + general knowledge","D Path planning","Optimal heuristic graph search","A*","Theory","Optimality with admissible heuristic","Static graphs","Evaluation baseline for ADAPT's per-leg planner","Y"
"stentz1994optimal","Optimal and efficient path planning for partially-known environments","Stentz","1994","IEEE ICRA","10.1109/ROBOT.1994.351061","Y (Crossref)","metadata + general knowledge","D Path planning","Replanning when map changes","D*","Simulation","Efficient replanning","Complexity of original D*","Origin of incremental replanning lineage","Y"
"koenig2002dstar","D* Lite","Koenig, Likhachev","2002","AAAI","(none)","Y (CMU RI publication page)","general knowledge","D Path planning","Simpler incremental replanning","D* Lite (LPA*-based)","Grid navigation","Equal/better than D* with simpler code","Benefit only when reused across changes","ADAPT uses D* Lite but rebuilds per leg (no reuse)","Y"
"koenig2005fast","Fast replanning for navigation in unknown terrain","Koenig, Likhachev","2005","IEEE Transactions on Robotics","10.1109/TRO.2004.838026","Y (Crossref)","metadata + general knowledge","D Path planning","Fast replanning in unknown terrain","D* Lite analysis","Grid experiments","Efficiency of incremental search","As above","Primary journal reference for D* Lite","Y"
"aggarwal2020path","Path planning techniques for unmanned aerial vehicles: A review, solutions, and challenges","Aggarwal, Kumar","2020","Computer Communications","10.1016/j.comcom.2019.10.014","Y (Crossref)","metadata + general knowledge","D Path planning","Review of UAV path planning","Review","Published studies","Taxonomy (classical, heuristic, learning)","Review","Context: planners rarely tied to flood-prediction obstacles","Y"
"karur2021survey","A Survey of Path Planning Algorithms for Mobile Robots","Karur, Sharma, Dharmatti, Siegel","2021","Vehicles","10.3390/vehicles3030027","Y (Crossref)","metadata + general knowledge","D Path planning","Survey of mobile-robot path planning","Survey","Published studies","Comparison of A*, D*, sampling-based, etc.","Review","Context for grid search choice","Y"
"cabreira2019survey","Survey on Coverage Path Planning with Unmanned Aerial Vehicles","Cabreira, Brisolara, Ferreira Jr.","2019","Drones","10.3390/drones3010004","Y (Crossref)","metadata + general knowledge","D Path planning","UAV coverage path planning","Survey","Published studies","Coverage patterns and decompositions","Coverage (survey) rather than delivery","ADAPT is point-visiting delivery, not coverage","Y"
"rosenkrantz1977analysis","An Analysis of Several Heuristics for the Traveling Salesman Problem","Rosenkrantz, Stearns, Lewis","1977","SIAM Journal on Computing","10.1137/0206041","Y (Crossref)","metadata + general knowledge","E Route optimisation","Quality of TSP construction heuristics","Worst-case analysis","Theory","Nearest neighbour can be O(log n) times optimal","Worst-case bounds","Theoretical bound for ADAPT's NN ordering","Y"
"held1962dynamic","A Dynamic Programming Approach to Sequencing Problems","Held, Karp","1962","J. SIAM","10.1137/0110015","Y (Crossref)","metadata + general knowledge","E Route optimisation","Exact TSP","Dynamic programming O(n^2 2^n)","Theory","Exact optimum","Exponential","Exact baseline used in E4","Y"
"otto2018optimization","Optimization approaches for civil applications of unmanned aerial vehicles (UAVs) or aerial drones: A survey","Otto, Agatz, Campbell, Golden, Pesch","2018","Networks","10.1002/net.21818","Y (Crossref)","metadata + general knowledge","E Route optimisation","Survey of UAV optimisation problems","Survey (routing, coverage, delivery)","Published studies","Problem taxonomy","Review","Routing models assume known customer/demand locations","Y"
"murray2015flying","The flying sidekick traveling salesman problem: Optimization of drone-assisted parcel delivery","Murray, Chu","2015","Transportation Research Part C","10.1016/j.trc.2015.03.005","Y (Crossref)","metadata + general knowledge","E Route optimisation","Truck-drone parcel delivery","MILP + heuristics","Synthetic instances","Truck-drone tandem benefits","Static demand points; no hazard model","Routing on given nodes; no derivation of nodes from imagery","Y"
"dong2026path","Path Optimization for Multi-Vehicle and Multi-UAV Collaborative Delivery in Flood Rescue Under Road Disruptions","Dong, Gao, Liu","2026","Drones","10.3390/drones10050322","Y (Crossref)","abstract (Crossref)","F Emergency delivery","Flood-rescue supply delivery with disrupted roads","MILP (makespan + priority) with flood-depth-dependent speeds; ALNS + DP for large instances","Case study (2024 Guangdong flood, per title)","Exact small / ALNS large solutions","Network-level; demand nodes given; no image-derived drop points or WPL output","Flood-aware routing at network level; complements ADAPT's image-to-mission scope","Y"
"rabta2018drone","A drone fleet model for last-mile distribution in disaster relief operations","Rabta, Wankmueller, Reiner","2018","International Journal of Disaster Risk Reduction","10.1016/j.ijdrr.2018.02.020","Y (Crossref)","metadata + general knowledge","F Emergency delivery","Drone last-mile relief distribution","Mixed-integer model with recharging","Illustrative case","Feasibility of drone relief distribution","Abstract nodes; no perception or hazard model","Drop locations assumed known","Y"
"chowdhury2017drones","Drones for disaster response and relief operations: A continuous approximation model","Chowdhury, Emelogu, Marufuzzaman, Nurre, Bian","2017","International Journal of Production Economics","10.1016/j.ijpe.2017.03.024","Y (Crossref)","metadata + general knowledge","F Emergency delivery","Strategic drone relief logistics","Continuous approximation model","Case study region","Cost/coverage trade-offs","Strategic level; no flight plans","Strategic, not mission-level","Y"
"rejeb2021humanitarian","Humanitarian Drones: A Review and Research Agenda","Rejeb, Rejeb, Simske, Treiblmaier","2021","Internet of Things","10.1016/j.iot.2021.100434","Y (Crossref)","metadata + general knowledge","F Emergency delivery","Review of humanitarian drone use","Systematic review","Published studies","Research agenda","Review","Context for delivery in disasters","Y"
"patterson2014timely","Timely autonomous identification of UAV safe landing zones","Patterson, McClean, Morrow, Parr, Luo","2014","Image and Vision Computing","10.1016/j.imavis.2014.06.006","Y (Crossref)","metadata + search summary","G Safe landing/drop","Autonomous safe landing zone detection","Multichannel imagery / map fusion with safety scoring","Aerial imagery","Candidate zones with safety scores","Landing (not payload drop); not flood-specific","Shows site-safety scoring ADAPT lacks (ADAPT uses flood-boundary geometry only)","Y"
"kaljahi2019automatic","An automatic zone detection system for safe landing of UAVs","Kaljahi et al.","2019","Expert Systems with Applications","10.1016/j.eswa.2019.01.024","Y (Crossref)","search summary","G Safe landing/drop","Emergency landing region detection","Gabor-transform flat-surface detection, Markov chain codes","Aerial images","Candidate safe regions","Landing focus; no hazard prediction","As above","Y"
"koubaa2019micro","Micro Air Vehicle Link (MAVLink) in a Nutshell: A Survey","Koubaa et al.","2019","IEEE Access","10.1109/ACCESS.2019.2924410","Y (Crossref)","metadata + general knowledge","H Mission generation","MAVLink protocol overview","Survey","Protocol documentation","Protocol structure, security issues","Survey","Reference for mission protocol used by ADAPT output","Y"
"meier2012pixhawk","PIXHAWK: A micro aerial vehicle design for autonomous flight using onboard computer vision","Meier et al.","2012","Autonomous Robots","10.1007/s10514-012-9281-4","Y (Crossref)","metadata + general knowledge","H Mission generation","Autonomous MAV design","Hardware/software architecture (origin of MAVLink ecosystem)","Flight experiments","Onboard vision-based autonomy","Platform paper","Context for autopilot ecosystem","Y"
"snyder1987map","Map projections: A working manual","Snyder","1987","USGS Professional Paper 1395","10.3133/pp1395","Y (Crossref)","general knowledge","H Geospatial","Map projection formulas","Reference manual","n/a","Equirectangular, Mercator formulas","n/a","Basis for discussing ADAPT's equirectangular approximation","Y"
"battersby2014implications","Implications of Web Mercator and Its Use in Online Mapping","Battersby, Finn, Usery, Yamamoto","2014","Cartographica","10.3138/carto.49.2.2313","Y (Crossref)","metadata + general knowledge","H Geospatial","Distortions of Web Mercator","Analysis","n/a","Scale varies with latitude; not conformal to ellipsoid","n/a","Explains why constant metres-per-pixel is wrong for web-map screenshots","Y"
"vincenty1975direct","Direct and inverse solutions of geodesics on the ellipsoid with application of nested equations","Vincenty","1975","Survey Review","10.1179/sre.1975.23.176.88","Y (Crossref)","general knowledge","H Geospatial","Ellipsoidal geodesics","Iterative direct/inverse solution","n/a","Sub-mm accuracy (non-antipodal)","Non-convergence near antipodes","Independent oracle used in ADAPT's verification","Y"
"karney2013algorithms","Algorithms for geodesics","Karney","2013","Journal of Geodesy","10.1007/s00190-012-0578-z","Y (Crossref)","general knowledge","H Geospatial","Robust ellipsoidal geodesics","Series expansions, Newton","n/a","Nanometre-level accuracy, robust","n/a","Reference-grade alternative oracle","Y"
"suzuki1985topological","Topological structural analysis of digitized binary images by border following","Suzuki, Abe","1985","CVGIP","10.1016/0734-189X(85)90016-7","Y (Crossref)","general knowledge","B Method foundation","Contour extraction","Border following","n/a","Algorithm behind cv2.findContours","n/a","Method used by ADAPT","Y"
"haralick1987image","Image Analysis Using Mathematical Morphology","Haralick, Sternberg, Zhuang","1987","IEEE TPAMI","10.1109/TPAMI.1987.4767941","Y (Crossref)","general knowledge","B Method foundation","Morphological image analysis","Dilation/erosion/opening/closing","n/a","Formal basis","n/a","Method used by ADAPT (mask clean-up, spread)","Y"
"smith1978color","Color gamut transform pairs","Smith","1978","ACM SIGGRAPH Computer Graphics","10.1145/965139.807361","Y (Crossref)","general knowledge","B Method foundation","Colour space transforms","HSV/HSL definitions","n/a","HSV model","n/a","Method used by ADAPT","Y"
"bradski2000opencv","The OpenCV Library","Bradski","2000","Dr. Dobb's Journal","(none)","N (no DOI; standard citation)","general knowledge","Software","Computer vision library","Software","n/a","n/a","n/a","Implementation dependency","Y"
"zippenfenig2024openmeteo","Open-Meteo.com Weather API","Zippenfenig","2024","Zenodo (software)","10.5281/zenodo.7970649","Y (DataCite)","general knowledge","Software","Open weather API","Software","Weather model outputs","n/a","n/a","Weather source used by ADAPT","Y"
"mavlink_fileformat / mavlink_common / mavlink_mission / ardupilot_missioncmds / px4_missions","Official MAVLink, ArduPilot and PX4 documentation","Project teams","2026","Web documentation","(none)","Y (fetched 2026-10-06)","pages read","H Mission generation","Command semantics, file format","Specifications","n/a","Parameter slots; DO-command timing; RTL semantics; PX4 yaw","Documentation, not peer-reviewed","Basis for the semantic audit of ADAPT missions","Y"
"verbeke2014design (rejected)","The design and construction of a high endurance hexacopter suited for narrow corridors","Verbeke et al.","2014","ICUAS","10.1109/ICUAS.2014.6842296","Y (Crossref) - WRONG PAPER","n/a","excluded","DOI recalled from memory for a safe-landing paper resolved to an unrelated hexacopter paper","n/a","n/a","n/a","n/a","Excluded: example of why every DOI was checked","N"
"ijeecs_hsi_search_hits / arXiv-only UAV rescue planners (2501.09338, 2604.25267, 2201.10150)","Various arXiv preprints on UAV rescue/coverage planning","various","2022-2026","arXiv","(arXiv)","N (not peer-reviewed)","search summary","excluded","UAV rescue/coverage planning","various","various","various","Not peer-reviewed","Not cited: peer-reviewed sources preferred","N"
