mutant,file,status,first_failure,seconds
(none - baseline),,PASS,,
y sign flipped,src/mission/coordinates.py,KILLED,,5.2
x sign flipped,src/mission/coordinates.py,KILLED,,5.2
axes swapped,src/mission/coordinates.py,KILLED,,5.7
latitude constant 111000,src/mission/coordinates.py,KILLED,,4.8
cos of degrees,src/mission/coordinates.py,KILLED,,4.2
longitude scale without cos,src/mission/coordinates.py,KILLED,,4.2
cos of result latitude,src/mission/coordinates.py,KILLED,,3.5
no longitude wrap,src/mission/coordinates.py,KILLED,,2.2
always wrap,src/mission/coordinates.py,KILLED,FAILED tests/test_adversarial_coordinates.py::TestValidDomain::test_boundary_references_accepted,1.9
pole check removed,src/mission/coordinates.py,KILLED,,1.9
half-parallel check removed,src/mission/coordinates.py,KILLED,,1.9
zero scale accepted,src/mission/coordinates.py,KILLED,FAILED tests/test_adversarial_coordinates.py::TestRejections::test_scale - As...,1.9
polar reference accepted,src/mission/coordinates.py,KILLED,FAILED tests/test_adversarial_coordinates.py::TestRejections::test_reference,1.9
finite check removed,src/mission/coordinates.py,SURVIVED,,3.2
lat/lon swapped in WPL,src/mission/mission_output.py,KILLED,FAILED tests/test_coordinates_safety.py::TestMissionFileSafety::test_valid_mission_has_only_finite_in_range_coordinates,2.2
servo parameters in old slots,src/mission/mission_output.py,KILLED,FAILED tests/test_coordinates_safety.py::TestMissionFileSafety::test_valid_mission_has_only_finite_in_range_coordinates,2.1
HOME-region drop lost,src/mission/mission_output.py,KILLED,FAILED tests/test_mission_output.py::TestMissionOutput::test_home_cluster_gets_a_drop,2.2
conversion inside write loop,src/mission/mission_output.py,SURVIVED,,3.1
partial-file guard removed,src/mission/mission_output.py,KILLED,FAILED tests/test_coordinates_safety.py::TestMissionFileSafety::test_non_finite_route_point_writes_nothing,2.1
centre W//2 (pre-fix),main.py,KILLED,FAILED tests/test_image_centre.py::TestImageCentre::test_home_matches_true_centre_model_exactly,2.2
resize not compensated,main.py,KILLED,FAILED tests/test_resize_consistency.py::TestResizeConsistency::test_b_resize_preserves_physical_location,2.4
resize compensated twice,main.py,KILLED,FAILED tests/test_resize_consistency.py::TestResizeConsistency::test_b_resize_preserves_physical_location,2.4
stale mission kept,main.py,KILLED,ERROR    root:main.py:250 generate_mission_file failed: [Errno 13] Permission denied: 'data/output/enriched_drone_mission.waypoints',2.6
preflight removed,main.py,KILLED,,2.8
